vocab_size,unknown_token_ratio,fragmentation_ratio,compression_ratio,vocabulary_utilization,unknown_token_ratio_n,fragmentation_ratio_n,compression_ratio_n,vocabulary_utilization_n,score
110000,1.3888779900546615e-07,1.1463139687928023,0.1888391395175984,104215,0.0,1.0,1.0,1.0,0.9
96000,1.3877965773328132e-07,1.1472072110224865,0.1889853773156551,94938,0.007007647925944383,0.9937661215009089,0.9936444109169987,0.9035845311217119,0.8860234308719287
64000,1.3811918138418623e-07,1.1526930763657228,0.1898727203301162,63934,0.049807086330563,0.9554806297545062,0.9550799108320076,0.5813612696037165,0.8273410518280335
32000,1.3578599963514302e-07,1.172499554612755,0.19309615711381217,31993,0.20099928070931913,0.8172525268013446,0.814987267859773,0.2493998066909862,0.6979358266044777
16000,1.3140910973941903e-07,1.211552413760054,0.19942507109650875,15995,0.48462552978317813,0.5447052032691047,0.5399285815953295,0.08313326889699539,0.490629393813791
8000,1.234559061182031e-07,1.289602329291706,0.2118484618867597,7996,1.0,0.0,0.0,0.0,0.1
